{
    "name": "Global Information",
    "numberOfRequests": {
        "total": 22049,
        "ok": 21244,
        "ko": 805
    },
    "minResponseTime": {
        "total": 0,
        "ok": 0,
        "ko": 23291
    },
    "maxResponseTime": {
        "total": 60308,
        "ok": 59987,
        "ko": 60308
    },
    "meanResponseTime": {
        "total": 24347,
        "ok": 22998,
        "ko": 59945
    },
    "standardDeviation": {
        "total": 18621,
        "ok": 17606,
        "ko": 1352
    },
    "percentiles1": {
        "total": 22918,
        "ok": 21885,
        "ko": 60000
    },
    "percentiles2": {
        "total": 38750,
        "ok": 37758,
        "ko": 60001
    },
    "percentiles3": {
        "total": 57626,
        "ok": 52027,
        "ko": 60030
    },
    "percentiles4": {
        "total": 60001,
        "ok": 58402,
        "ko": 60100
    },
    "group1": {
    "name": "t < 800 ms",
    "count": 4237,
    "percentage": 19
},
    "group2": {
    "name": "800 ms < t < 1200 ms",
    "count": 343,
    "percentage": 2
},
    "group3": {
    "name": "t > 1200 ms",
    "count": 16664,
    "percentage": 76
},
    "group4": {
    "name": "failed",
    "count": 805,
    "percentage": 4
},
    "meanNumberOfRequestsPerSecond": {
        "total": 51.396270396270396,
        "ok": 49.51981351981352,
        "ko": 1.8764568764568765
    }
}